Date,None,D0,D1,D2,D3,D4
20241203,28.52,71.48,43.64,16.27,4.65,0.6
20241126,26.03,73.97,41.45,16.34,4.91,0.6
20241119,22.27,77.73,45.48,17.44,5.04,0.64
20241112,17.13,82.87,49.84,20.52,4.93,0.68
20241105,12.22,87.78,51.89,21.74,4.74,0.6
20241029,12.84,87.16,54.08,27.58,6.52,0.63
20241022,20.67,79.33,49.97,20.01,5.06,0.63
20241015,22.5,77.5,45.02,17.65,4.75,0.63
20241008,24.68,75.32,38.98,13.84,3.95,0.63
20241001,29.35,70.65,31.5,9.29,2.73,0.5
20240924,27.37,72.63,34.1,10.83,3.15,0.5
20240917,29.74,70.26,35.59,10.74,2.75,0.44
20240910,30.88,69.12,34.18,10.55,2.42,0.37
20240903,34.69,65.31,29.95,8.6,2.29,0.34
20240827,35.44,64.56,27.7,9.06,2.41,0.27
20240820,44.39,55.61,23.7,7.28,1.76,0.21
20240813,47.52,52.48,22.2,6.29,1.2,0.21
20240806,47.63,52.37,21.49,6.07,1.42,0.21
20240730,51.48,48.52,19.92,5.67,1.38,0.07
20240723,52.29,47.71,19.97,6.27,1.43,0.07
20240716,49.61,50.39,20.55,6.79,1.6,0.02
20240709,51.82,48.18,19.43,4.82,1.12,0.02
20240702,52.74,47.26,18.67,3.79,0.96,0.02
20240625,54.6,45.4,16.13,2.91,0.72,0.02
20240618,62.6,37.4,12.03,2.97,0.72,0.02
20240611,70.89,29.11,11.77,3.36,0.71,0.02
20240604,74.03,25.97,12.14,3.78,0.74,0.06
20240528,73.55,26.45,12.55,4.23,0.72,0.06
20240521,72.62,27.38,12.55,4.18,0.75,0.06
20240514,68.98,31.02,13.98,4.86,0.81,0.06
20240507,65.33,34.67,15.08,5.11,0.8,0.06
20240430,62.74,37.26,16.96,5.75,0.85,0.06
20240423,61.98,38.02,18.04,5.65,0.85,0.06
20240416,61.38,38.62,17.9,5.2,1.07,0.14
20240409,61.61,38.39,17.46,5.13,1.1,0.14
20240402,58.91,41.09,18.01,5.49,1.18,0.14
20240326,58.02,41.98,18.09,5.77,1.19,0.14
20240319,55.88,44.12,21.21,6.89,1.43,0.14
20240312,54.33,45.67,22.25,7.68,1.52,0.14
20240305,52.62,47.38,21.84,7.81,1.52,0.14
20240227,53.16,46.84,21.59,7.79,1.49,0.14
20240220,58.72,41.28,19.82,7.65,1.44,0.14
20240213,60.37,39.63,19.46,7.7,1.55,0.18
20240206,58.27,41.73,21.22,9.25,1.96,0.27
20240130,55.77,44.23,23.52,10.79,2.31,0.3
20240123,50.17,49.83,27.38,13,4.45,0.69
20240116,48.92,51.08,28.8,13.47,4.92,0.72
20240109,46.5,53.5,31.91,15.29,5.39,0.81
20240102,45.19,54.81,32.98,16.61,6.28,1.22
20231226,45.71,54.29,32.35,16.74,6.44,1.16
20231219,44.65,55.35,33.32,18.24,6.55,1.11
20231212,43.99,56.01,33.52,18.35,6.33,1.09
20231205,44.64,55.36,34.36,18.94,7.42,1.22
20231128,44.23,55.77,36.05,20.34,7.8,2.13
20231121,43.77,56.23,37.44,21.51,8.68,2.46
20231114,44.25,55.75,37.45,21.46,8.99,2.76
20231107,44.88,55.12,37.48,21.69,8.56,2.51
20231031,45.83,54.17,36.53,20.96,7.91,2.17
20231024,42.2,57.8,39.8,23.66,9.08,2.62
20231017,41.84,58.16,39.57,22.6,8.7,2.52
20231010,41.11,58.89,40.01,22.66,9,2.53
20231003,41.68,58.32,40.06,23.19,9.99,2.94
20230926,43.65,56.35,38.23,22.46,10.15,2.82
20230919,44.43,55.57,37.78,23.47,11.29,3.02
20230912,48.05,51.95,37.04,23.09,9.57,2.37
20230905,49.02,50.98,36.02,21.84,9.01,1.97
20230829,49.59,50.41,34.28,19.04,7.46,1.53
20230822,49.97,50.03,32.72,17.43,5.77,1.2
20230815,49.56,50.44,30.62,12.78,3.1,0.21
20230808,48.93,51.07,30.46,11.68,2.75,0.23
20230801,48.59,51.41,28.08,10.75,2.53,0.26
20230725,49.62,50.38,27.13,9.78,2.62,0.26
20230718,50.92,49.08,25.82,8.54,2.67,0.34
20230711,51.3,48.7,26.87,9.44,2.58,0.39
20230704,48.19,51.81,26.95,9.37,2.74,0.54
20230627,46.52,53.48,27,9.26,2.59,0.58
20230620,44.3,55.7,27.11,8,2.47,0.56
20230613,45.53,54.47,24.98,6.9,2.17,0.72
20230606,45.47,54.53,21.94,7.17,2.35,0.79
20230530,49.95,50.05,18.95,8.14,3.28,1.24
20230523,59.4,40.6,19.2,8.91,3.72,1.33
20230516,58.64,41.36,20.35,9.51,4.32,1.46
20230509,54.62,45.38,23.49,11.63,5.89,1.78
20230502,54.09,45.91,24.42,11.76,6.14,1.81
20230425,53.94,46.06,25.55,12,5.97,2.25
20230418,53.48,46.52,25.84,12.47,5.54,2.24
20230411,52.79,47.21,26.02,12.64,5.24,2.1
20230404,48.48,51.52,28.23,13.42,5.43,1.92
20230328,48.18,51.82,30.68,13.9,5.27,1.83
20230321,47.55,52.45,34.54,14.68,4.96,1.73
20230314,47.51,52.49,35.79,15.73,5.32,1.56
20230307,45.13,54.87,37.65,16.73,5.31,1.52
20230228,45,55,38.46,17.31,5.64,1.55
20230221,42.54,57.46,41.53,18.27,5.47,1.64
20230214,42.69,57.31,41.35,18.93,5.61,1.7
20230207,39.7,60.3,41.88,19.62,6.33,1.77
20230131,38.41,61.59,42.65,21.39,7.42,1.74
20230124,37.08,62.92,42.99,21.67,7.48,1.78
20230117,35.15,64.85,43.86,23.25,7.92,1.79
20230110,33.52,66.48,44.01,24.06,8.4,1.79
20230103,30.5,69.5,46.26,26.24,9.86,1.85
20221227,25.95,74.05,49.65,28.22,10.76,2.34
20221220,26.07,73.93,49.31,28.22,10.76,2.34
20221213,22.38,77.62,53.2,30.12,11.28,2.36
20221206,21.47,78.53,55.48,31.09,12.41,2.82
20221129,20.25,79.75,57.51,32.15,13.01,2.78
20221122,18.22,81.78,59.3,33.03,13.96,2.87
20221115,18.09,81.91,59.08,32.92,13.94,2.84
20221108,14.96,85.04,60.34,34.83,14.16,3.01
20221101,14.72,85.28,62.78,36.35,14.44,2.97
20221025,15.54,84.46,62.95,36.06,14.62,2.85
20221018,17.77,82.23,59.35,34.42,14.68,3.05
20221011,18.22,81.78,55.41,33.09,14.48,2.96
20221004,22.6,77.4,52.55,32.4,13.7,2.68
20220927,24.85,75.15,50.88,30.25,12.5,2.56
20220920,31.02,68.98,48.91,29.79,11.68,2.24
20220913,33.76,66.24,45.18,29.23,11.19,1.77
20220906,36.28,63.72,44.02,28.95,11.42,1.73
20220830,35.57,64.43,45.53,30.71,13.05,2
20220823,35.62,64.38,46.91,32.76,14.71,2.59
20220816,33.39,66.61,49.18,34.8,17.3,3.89
20220809,34.41,65.59,50.11,36.24,18.62,4.31
20220802,33.52,66.48,51.39,37.03,18.96,4.47
20220726,31.93,68.07,51.94,37.06,19.61,4.44
20220719,31.47,68.53,51.87,36,18.04,4.51
20220712,31.28,68.72,50.61,32.25,17.2,4.67
20220705,29.91,70.09,49.42,32.72,17.63,3.85
20220628,31.35,68.65,47.73,32.86,17.57,3.87
20220621,37.51,62.49,45.38,32.86,19.13,5.62
20220614,42.78,57.22,44.54,32.76,19.63,5.59
20220607,41.68,58.32,47.57,34.37,19.62,5.43
20220531,41.58,58.42,49.3,36.98,20.14,5.52
20220524,38.01,61.99,50.66,39.15,20.94,5.96
20220517,36.86,63.14,52.54,39.9,21.61,5.77
20220510,38.78,61.22,53.02,39.76,19.97,4.27
20220503,36.11,63.89,53.77,40.48,18.52,4.16
20220426,35.88,64.12,54.2,42.29,19.73,3.56
20220419,34.18,65.82,55.38,42.99,20.24,2.82
20220412,32.56,67.44,56.73,43.23,19.37,2.58
20220405,30.71,69.29,57.3,43.22,17.51,2.13
20220329,30.47,69.53,57.97,41.27,17.14,1.85
20220322,28.12,71.88,58.27,40.8,16.54,1.76
20220315,25.75,74.25,60.98,42.4,17.04,2.08
20220308,24.87,75.13,61.11,41.83,14.95,2.04
20220301,26.46,73.54,59.17,39.97,13.31,1.18
20220222,26.63,73.37,57.52,36.28,12.18,1.23
20220215,27.42,72.58,57.06,36.35,11.85,1.24
20220208,28.83,71.17,55.47,35.4,11.32,1.34
20220201,27.79,72.21,55.24,36.52,12.22,1.34
20220125,29.13,70.87,55.2,36.39,12.21,1.32
20220118,29.03,70.97,55.1,36.01,11.29,1.19
20220111,28.18,71.82,54.98,35.34,11.49,1.24
20220104,28.18,71.82,54.81,35.13,12.37,1.55
20211228,26.51,73.49,55.29,36.26,14.01,1.9
20211221,27.58,72.42,55.2,36.71,17.57,3.68
20211214,26.05,73.95,55.14,36.68,17.74,4.55
20211207,28,72,55.54,37.11,17.84,4.97
20211130,30.95,69.05,53.42,35.11,17.77,5.33
20211123,34.49,65.51,50.53,33,17.24,5.33
20211116,36.53,63.47,48.8,32.54,17.17,5.33
20211109,37.05,62.95,48.09,32.6,17.71,5.46
20211102,37.22,62.78,47.81,32.93,17.98,5.74
20211026,35.79,64.21,47.34,33.81,19.08,6.04
20211019,38.32,61.68,46.46,33.64,20.77,6.68
20211012,37.47,62.53,47.32,35.3,22.23,7.02
20211005,37.64,62.36,47.45,36.47,23.09,7.07
20210928,37.35,62.65,47.84,36.6,23.11,7.27
20210921,39.13,60.87,46.56,35.37,22.73,7.22
20210914,41.55,58.45,45.61,35.68,23.77,7.53
20210907,45.14,54.86,45.61,35.71,23.98,7.61
20210831,44.48,55.52,46.63,36.6,24.49,7.92
20210824,44.39,55.61,47.33,38.03,25.64,8.37
20210817,43.72,56.28,47.18,38.47,26.8,9.23
20210810,43.78,56.22,46.82,39.04,26.46,9.06
20210803,45.83,54.17,46.31,39.03,25.99,8.92
20210727,46.46,53.54,46.31,38.39,25.48,8.84
20210720,45.94,54.06,46.34,38.04,25.59,10
20210713,44.22,55.78,46.45,37.08,24.17,9.88
20210706,42.48,57.52,47.27,36.69,22.71,9.49
20210629,41.48,58.52,47.19,35.71,22.74,9.71
20210622,39.32,60.68,47.67,34.72,21.82,9.87
20210615,39.88,60.12,46.01,32.92,21.43,9.89
20210608,38.79,61.21,45.22,32.04,21.26,9.89
20210601,41,59,43.7,30.48,20.99,9.77
20210525,38.64,61.36,43.42,30.16,21.25,10.23
20210518,40.31,59.69,44.22,31.04,21.89,9.71
20210511,38.85,61.15,46.16,31.89,22.5,9.54
20210504,34.36,65.64,46.55,32.24,22.56,9.04
20210427,31.73,68.27,48.37,32.48,21.72,9.22
20210420,35.32,64.68,47.27,31.82,21.14,9.09
20210413,37.45,62.55,45.5,31.31,20.86,9.06
20210406,35.64,64.36,45.05,30.7,20.24,8.92
20210330,36.59,63.41,43.92,29.62,18.69,8.71
20210323,35.79,64.21,43.56,29.83,18.06,8.74
20210316,34.15,65.85,44.14,30.05,17.76,8.56
20210309,33.46,66.54,46.71,31.61,18.57,8.58
20210302,38.33,61.67,46.58,30.93,18.62,8.5
20210223,36.1,63.9,45.56,30.85,18.66,8.44
20210216,35.54,64.46,45.19,30.17,19.02,8.14
20210209,35.32,64.68,45.93,31.28,20.38,8.79
20210202,35.64,64.36,45.78,31.48,20.39,8.78
20210126,37.68,62.32,46.03,32.51,21.11,8.96
20210119,36.53,63.47,45.01,32.43,21.26,9.36
20210112,38.24,61.76,44.86,32.5,21.16,9.26
20210105,38.4,61.6,45.76,32.89,21.1,9.46
20201229,33.59,66.41,48.99,34.22,22.21,9.89
20201222,32.97,67.03,49.59,34.2,22.21,9.89
20201215,33.03,66.97,49.34,34.11,22.03,9.89
20201208,32.59,67.41,49.1,33.48,21.1,9.9
20201201,33.15,66.85,48.04,31.9,21.02,9.87
20201124,32.59,67.41,48.62,32.03,20.38,8.52
20201117,35.37,64.63,47.3,30.79,18.83,5.65
20201110,35.55,64.45,45.91,30.05,18.8,4.06
20201103,37.63,62.37,45.1,28.9,17.76,2.85
20201027,35.58,64.42,46.09,29.85,18.02,2.82
20201020,34.04,65.96,47.03,29.5,18.22,2.82
20201013,35.18,64.82,46.75,29.86,16.84,2.07
20201006,37.12,62.88,44.27,29.05,15.95,2.07
20200929,38.05,61.95,42.6,27.37,14.63,1.2
20200922,41.48,58.52,39.65,25.96,12.77,0.58
20200915,42.48,57.52,38.87,25.12,11.54,0.43
20200908,42.92,57.08,38.7,25.14,11.71,0.16
20200901,42.54,57.46,39.41,24.75,8.61,0.1
20200825,42.38,57.62,39.15,24,7.89,0.08
20200818,45.99,54.01,36.65,20.11,4.4,0.03
20200811,47.09,52.91,34.4,16,3.84,0
20200804,45.99,54.01,33.47,15.17,3.15,0
20200728,43.97,56.03,32.72,14.07,2.91,0
20200721,44.37,55.63,31.39,12.28,2.6,0
20200714,48.6,51.4,27.46,11.57,2.75,0
20200707,51.49,48.51,25.77,10.98,2.35,0
20200630,54.57,45.43,25.52,10.51,2.49,0.08
20200623,55.25,44.75,25.45,9.85,2.28,0
20200616,56.26,43.74,23.36,9.91,2.28,0
20200609,61.38,38.62,21.28,8.42,1.79,0
20200602,64.11,35.89,19.9,7.72,1.28,0
20200526,65.65,34.35,18.51,7.18,1.24,0
20200519,64.46,35.54,18.9,7.31,1.3,0
20200512,65.69,34.31,17.42,7.1,1.21,0
20200505,69.23,30.77,16.09,6.27,0.97,0
20200428,71.3,28.7,14.75,5.65,0.46,0
20200421,73.08,26.92,14.69,5.64,0.49,0
20200414,74.42,25.58,14.52,4.34,0.16,0.01
20200407,74.48,25.52,14.87,2.85,0.22,0.01
20200331,74.79,25.21,14.54,3.04,0.48,0.03
20200324,74.94,25.06,11.84,2.83,0.39,0.03
20200317,75.09,24.91,12.6,2.9,0.61,0.03
20200310,75.71,24.29,12.86,2.6,0.52,0
20200303,76.21,23.79,11.52,2.51,0.52,0
20200225,76.98,23.02,10.17,2.25,0.23,0
20200218,76.49,23.51,9.56,2.49,0.23,0
20200211,75.85,24.15,10.6,2.57,0.17,0
20200204,74.3,25.7,10.61,2.46,0.07,0
20200128,73.32,26.68,11,2.39,0.05,0
20200121,75.13,24.87,11.47,3.38,0.07,0
20200114,76.7,23.3,10.73,3.12,0.11,0
20200107,75.94,24.06,11.19,3.22,0.12,0
20191231,75.8,24.2,11.2,3.82,0.06,0
20191224,74.37,25.63,12.3,4.18,0.1,0
20191217,72.94,27.06,12.64,4.07,0.1,0
20191210,72.04,27.96,11.11,4.45,0.1,0
20191203,68.16,31.84,11.65,4.59,0.1,0
20191126,67.05,32.95,14.1,5.72,0.19,0
20191119,70.31,29.69,14.41,5.78,0.19,0
20191112,70.09,29.91,14.67,5.88,0.05,0
20191105,72.05,27.95,15.66,6.3,0.53,0
20191029,66.24,33.76,17.86,7.38,0.51,0
20191022,62.69,37.31,21.01,8.51,0.92,0
20191015,60.22,39.78,21.19,9.16,1.48,0
20191008,63.19,36.81,20.4,7.57,1.2,0
20191001,60.59,39.41,19.28,5.95,0.79,0
20190924,60.99,39.01,17.37,3.92,0.31,0
20190917,65.8,34.2,14.06,3.52,0.32,0
20190910,68.97,31.03,13.58,2.81,0.31,0
20190903,70.46,29.54,10.04,1.47,0.2,0
20190827,72.16,27.84,9.07,1.43,0.17,0
20190820,73.6,26.4,7.28,1.23,0.05,0
20190813,75.82,24.18,6.2,0.89,0.02,0
20190806,81.02,18.98,4.38,0.55,0,0
20190730,86.35,13.65,3.47,0.42,0,0
20190723,89.15,10.85,3.04,0.45,0,0
20190716,90.21,9.79,3.09,0.62,0,0
20190709,89.17,10.83,3.23,0.63,0,0
20190702,90.04,9.96,3.22,0.59,0,0
20190625,89.9,10.1,3.3,0.65,0,0
20190618,89.27,10.73,4.09,0.59,0,0
20190611,89.42,10.58,4.12,0.31,0,0
20190604,87.08,12.92,5.28,0.51,0,0
20190528,87.9,12.1,3.31,0,0,0
20190521,90.62,9.38,2.59,0,0,0
20190514,91.16,8.84,2.4,0.04,0,0
20190507,90.17,9.83,2.53,0.05,0,0
20190430,88.88,11.12,2.33,0.27,0,0
20190423,87.65,12.35,2.28,0.27,0,0
20190416,85.88,14.12,3.73,0.65,0,0
20190409,81.91,18.09,4.36,0.65,0,0
20190402,79.37,20.63,5.73,0.88,0,0
20190326,81.65,18.35,4.85,0.86,0,0
20190319,81.23,18.77,4.78,1.17,0.33,0
20190312,78.01,21.99,6.46,1.75,0.53,0.04
20190305,73.56,26.44,11.72,2.8,0.53,0.04
20190226,73.32,26.68,11.92,3.85,0.55,0.04
20190219,70.16,29.84,15.1,5.79,1.33,0.06
20190212,67.83,32.17,15.61,6.24,1.91,0.06
20190205,69.83,30.17,15.71,6.74,1.92,0.16
20190129,70.2,29.8,16.53,6.75,1.92,0.15
20190122,68.89,31.11,19.91,8.06,1.97,0.15
20190115,68.52,31.48,21.59,10.02,3.09,1.11
20190108,69.56,30.44,21.56,10.5,3.15,1.11
20190101,69.05,30.95,21.9,10.73,3.29,1.14
20181225,66,34,22.5,10.98,3.35,1.15
20181218,66.85,33.15,22.72,11.2,3.72,1.15
20181211,67.16,32.84,22.69,11.2,3.75,1.17
20181204,67.45,32.55,22.18,11.34,3.79,1.17
20181127,65.97,34.03,22.87,11.42,4.28,1.32
20181120,66.39,33.61,22.41,11.46,4.3,1.32
20181113,64.86,35.14,20.94,11.56,4.28,1.32
20181106,64.33,35.67,21.24,11.82,4.32,1.34
20181030,63.41,36.59,22,12.56,4.65,1.35
20181023,61.87,38.13,23.91,13.23,4.8,1.35
20181016,61.65,38.35,24.05,13.51,4.95,1.35
20181009,56.69,43.31,26.19,14.41,5.65,1.45
20181002,52.64,47.36,28.96,17.03,7.27,1.73
20180925,51.36,48.64,29.54,17.46,7.49,1.73
20180918,49.67,50.33,30.85,16.94,7.22,1.58
20180911,49.57,50.43,30.39,16.7,6.88,1.48
20180904,46.25,53.75,34.3,18.86,7.55,1.48
20180828,44.11,55.89,34.42,19.37,7.5,1.55
20180821,42.73,57.27,35.09,19.11,7.54,1.6
20180814,42.07,57.93,36.22,20.02,8.13,1.7
20180807,45.92,54.08,35.66,21.06,8.93,1.62
20180731,45.57,54.43,34.14,19.41,8.51,1.61
20180724,46.48,53.52,32.23,19.32,8.65,1.62
20180717,49.93,50.07,30.98,16.78,8.63,1.88
20180710,51.44,48.56,30.37,16.46,8.83,1.9
20180703,50.99,49.01,29.72,16.64,8.33,1.88
20180626,51.31,48.69,28.79,15.93,8.28,1.84
20180619,52.88,47.12,27.13,16.54,8.23,1.83
20180612,52.32,47.68,27.86,16.97,9.25,1.98
20180605,53.71,46.29,27.09,17.07,9.17,2.05
20180529,57.44,42.56,26.42,16.92,9.24,2.09
20180522,56.67,43.33,26.72,16.84,9.4,2.4
20180515,54.36,45.64,28.28,16.71,9.5,2.47
20180508,55.56,44.44,27.67,15.93,9.32,2.31
20180501,57.24,42.76,28.6,16.32,8.89,2.21
20180424,57.51,42.49,28.99,16.35,8.5,1.97
20180417,57.18,42.82,28.85,16.33,8.18,1.71
20180410,53.49,46.51,29.69,16.69,8.11,1.32
20180403,52.45,47.55,29.42,16.37,7.59,0.6
20180327,50.79,49.21,30.77,16.36,7.26,0.55
20180320,50.04,49.96,31.02,16.69,6.42,0.2
20180313,47.9,52.1,31.04,16.31,5.67,0.2
20180306,47.53,52.47,30.55,15.5,4.94,0.12
20180227,45.34,54.66,31.3,14.32,3.22,0
20180220,40.71,59.29,36.49,17.76,3.22,0
20180213,39.5,60.5,36.34,18.04,2.96,0
20180206,33.05,66.95,39.65,18.44,2.6,0
20180130,32.9,67.1,38.42,17.21,1.72,0
20180123,37.55,62.45,35.39,13.6,0.9,0
20180116,39.07,60.93,33.04,10.03,0.64,0
20180109,42.19,57.81,32.07,8.7,0.46,0
20180102,44.46,55.54,27.7,7.46,0.83,0
20171226,45.31,54.69,26.37,4.95,0.83,0
20171219,43.26,56.74,26.18,6.97,1.28,0
20171212,45.08,54.92,23.85,6.49,1.78,0
20171205,52.38,47.62,24.31,5.99,1.23,0
20171128,57.34,42.66,21.14,4.88,1.03,0
20171121,63.18,36.82,15.4,4.14,0.75,0
20171114,64.97,35.03,13.06,3.52,0.75,0
20171107,67.18,32.82,11.96,2.9,0.75,0
20171031,66.47,33.53,11.95,2.67,0.88,0
20171024,63.64,36.36,11.96,2.58,0.88,0
20171017,62.25,37.75,12.49,2.98,0.82,0
20171010,61.93,38.07,14.12,4.03,1.06,0.27
20171003,61.15,38.85,14.36,4.73,1.39,0.5
20170926,63.07,36.93,13.82,4.99,2.36,0.87
20170919,63.13,36.87,15.51,5.6,2.39,0.87
20170912,66.26,33.74,16.09,6.24,3.13,1.28
20170905,69.91,30.09,13.54,5.93,2.82,1.28
20170829,71.43,28.57,11.82,5.74,2.65,1.21
20170822,72.57,27.43,12.08,5.49,2.43,0.59
20170815,71.95,28.05,11.31,5.33,2.45,0.7
20170808,70.23,29.77,11.24,5.38,2.37,0.76
20170801,69.48,30.52,11.77,5.23,2.6,0.76
20170725,67.3,32.7,10.98,5.18,2.62,0.76
20170718,70.67,29.33,10.58,4.77,2.31,0.22
20170711,76.9,23.1,9.6,4.31,2.19,0
20170704,77.65,22.35,8.45,3.83,1.43,0
20170627,78.4,21.6,8.04,3.26,0.97,0
20170620,80.5,19.5,6.99,2.13,0.55,0
20170613,79.99,20.01,7.27,1.57,0,0
20170606,83.04,16.96,7.8,1.25,0,0
20170530,81.7,18.3,5.28,1.12,0.28,0
20170523,85.73,14.27,4.52,1.22,0.41,0
20170516,83.43,16.57,5.61,1.38,0.43,0
20170509,84.89,15.11,5.22,1.3,0.28,0
20170502,85.7,14.3,4.98,1.3,0.13,0
20170425,78.33,21.67,6.11,1.07,0.03,0
20170418,73.05,26.95,8.2,1.44,0.09,0
20170411,73.01,26.99,8.17,1.43,0.09,0
20170404,70.28,29.72,9.83,1.5,0.1,0
20170328,64.42,35.58,14.2,2.82,0.21,0
20170321,63.79,36.21,15.97,3.74,0.43,0
20170314,68.14,31.86,15.21,3.95,0.49,0
20170307,67.23,32.77,14.93,4,0.53,0
20170228,66.29,33.71,14.07,3.68,0.49,0
20170221,68.47,31.53,13.77,3.31,0.34,0
20170214,68.27,31.73,13.54,3.17,0.35,0
20170207,69,31,14.26,3.4,0.34,0
20170131,68.03,31.97,14.54,3.83,0.41,0
20170124,67.2,32.8,16.12,4.45,0.44,0
20170117,60.5,39.5,19.26,6.77,2.39,0.11
20170110,58.35,41.65,20.83,7.96,2.61,0.11
20170103,53.9,46.1,22.53,8.63,3.15,0.96
20161227,49.19,50.81,24.04,10.09,4.53,1.81
20161220,45.19,54.81,28.16,10.6,4.58,1.89
20161213,45.78,54.22,29.82,12.89,5.02,1.99
20161206,45.17,54.83,30.38,13.97,5.3,1.99
20161129,43.69,56.31,31.46,16.6,8.66,2.68
20161122,45,55,31.14,17.07,8.26,2.73
20161115,48.01,51.99,30.13,14.44,6.4,2.36
20161108,51.09,48.91,27.36,11.38,4.96,1.91
20161101,52.28,47.72,26.79,10.95,4.86,1.71
20161025,55.68,44.32,23.92,10.25,4.08,1.54
20161018,55.61,44.39,22.1,9.66,3.87,1.31
20161011,55.39,44.61,20.13,8.68,3.45,1.26
20161004,56.19,43.81,19.43,8.36,3.14,1.17
20160927,53.6,46.4,18.96,8.1,3.2,1.16
20160920,54.97,45.03,18.82,7.76,2.94,1.11
20160913,55.8,44.2,18.34,7.72,2.86,1.11
20160906,55.82,44.18,19.09,7.35,2.73,1.11
20160830,54.92,45.08,19.51,7.26,2.7,1.11
20160823,54.63,45.37,19.41,7.41,2.7,1.11
20160816,52.72,47.28,19.86,7.71,2.91,1.11
20160809,48.33,51.67,21.79,8.2,2.82,1.11
20160802,49.86,50.14,21.12,7.28,2.89,1.11
20160726,49.07,50.93,20.75,7.13,2.92,1.11
20160719,52.34,47.66,18.79,6.78,2.85,1.11
20160712,55.6,44.4,17.68,6.19,2.57,1.11
20160705,55.76,44.24,17.77,6.03,2.51,1.11
20160628,56.61,43.39,16.18,5.43,2.36,1.11
20160621,58.77,41.23,14.8,5.05,2.26,1.11
20160614,60.89,39.11,13.77,4.76,2.26,1.11
20160607,65.17,34.83,13.24,4.48,2.45,1.11
20160531,68.18,31.82,12.73,4.18,2.46,1.11
20160524,68.84,31.16,13.61,4.33,2.46,1.11
20160517,71.03,28.97,13.88,4.79,2.46,1.11
20160510,69.58,30.42,14.59,5.29,3.37,1.11
20160503,66.1,33.9,14.56,5.46,3.44,1.11
20160426,60.36,39.64,15.38,5.89,3.44,1.11
20160419,60.72,39.28,15.44,5.94,3.44,1.11
20160412,60.8,39.2,17.75,6.1,3.76,1.71
20160405,62.13,37.87,16.71,5.95,3.76,1.71
20160329,61.1,38.9,15.09,5.85,3.76,1.87
20160322,65.25,34.75,14.29,6.07,3.76,1.87
20160315,66.5,33.5,12.41,6.46,3.76,1.87
20160308,64.59,35.41,12.43,7.41,4.05,2.19
20160301,68.02,31.98,14.3,7.77,4.05,2.19
20160223,70.1,29.9,14.62,7.77,4.05,2.19
20160216,67.75,32.25,15.05,7.73,4.08,2.19
20160209,70.81,29.19,14.97,7.85,4.25,2.19
20160202,71.08,28.92,15.48,8.44,4.61,2.25
20160126,71.99,28.01,15.48,8.51,4.61,2.29
20160119,71.24,28.76,16.37,8.51,4.84,2.42
20160112,70.46,29.54,17.28,9.98,5.16,2.59
20160105,68.57,31.43,18.39,10.03,5.16,2.7
20151229,66.99,33.01,18.74,11.56,6.28,2.7
20151222,66.22,33.78,19.32,12.65,6.59,2.7
20151215,65.42,34.58,19.61,13.12,6.59,2.7
20151208,64.85,35.15,20.17,14.35,7.98,2.7
20151201,63.26,36.74,20.58,14.68,8.34,2.7
20151124,61.55,38.45,21.9,14.83,8.42,2.7
20151117,56.39,43.61,22.79,14.88,8.47,2.7
20151110,54.9,45.1,25.18,15.24,8.47,2.7
20151103,51.85,48.15,26.17,15.46,8.84,2.72
20151027,46.24,53.76,30.27,17.21,10.34,3
20151020,41.03,58.97,34.78,23.23,14.42,3.76
20151013,46.61,53.39,32.63,22.51,13.25,3.27
20151006,48.99,51.01,31.58,21.46,12.03,3.06
20150929,44.91,55.09,31.36,20.09,11.45,3
20150922,45.19,54.81,31.47,19.79,11.35,3
20150915,48.45,51.55,31.53,19.58,11.17,3
20150908,49.63,50.37,31.67,19.63,10.92,3
20150901,54.21,45.79,30.43,18.72,10.72,3
20150825,55.04,44.96,29.48,18.07,10.96,3
20150818,54.76,45.24,29.4,18.21,9.41,3
20150811,56.13,43.87,28.93,17.87,9.18,3
20150804,57.72,42.28,27.13,17.44,8.79,2.83
20150728,61.11,38.89,25.71,17.17,8.79,2.83
20150721,64.02,35.98,26.06,16.74,7.48,2.83
20150714,64.79,35.21,25.97,17.49,7.48,2.83
20150707,63.45,36.55,25.94,17.15,7.47,2.86
20150630,61.47,38.53,25.88,15.54,6.76,2.86
20150623,59.88,40.12,25.13,14.31,6.76,2.86
20150616,60.39,39.61,24.65,13.62,6.76,2.86
20150609,59.93,40.07,23.29,13.71,6.91,3.07
20150602,56.75,43.25,24.57,14.19,7.09,3.13
20150526,49.27,50.73,26.35,14.2,6.94,3.13
20150519,47.81,52.19,31.54,15.16,6.94,3.14
20150512,44.16,55.84,34.61,17.68,7.19,3.14
20150505,44.24,55.76,37.79,20.36,7.86,3.39
20150428,46.75,53.25,37.41,20.03,8.1,3.41
20150421,46.62,53.38,37.13,18.97,8.58,3.55
20150414,41.23,58.77,37.47,19.14,9.09,3.55
20150407,40.21,59.79,36.93,19.17,9.14,3.62
20150331,41.42,58.58,36.84,18.6,8.97,3.34
20150324,44.6,55.4,34.58,16.97,8.81,3.34
20150317,46.04,53.96,34.73,16.25,8.62,3.17
20150310,47.36,52.64,31.6,15.73,8.39,3.17
20150303,47.48,52.52,31.88,15.66,8.43,3.21
20150224,45.89,54.11,32.83,16.42,8.82,3.3
20150217,45.25,54.75,32.13,16.45,8.6,3.37
20150210,47.51,52.49,29,16.18,8.49,3.27
20150203,50.34,49.66,28.44,16.05,8.87,3.12
20150127,48.28,51.72,28.59,16.83,8.95,3.15
20150120,53.6,46.4,28.18,16.97,8.88,2.91
20150113,55.38,44.62,27.97,16.65,8.85,2.89
20150106,55.85,44.15,28.1,16.76,8.84,2.48
20141230,53.2,46.8,28.68,16.93,8.96,2.54
20141223,49.78,50.22,29.97,17.18,8.84,2.53
20141216,50.28,49.72,30.05,17.27,8.85,2.49
20141209,51.32,48.68,29.84,17.09,8.94,3.69
20141202,52.23,47.77,29.14,16.9,8.81,3.68
20141125,52.73,47.27,28.91,16.81,8.72,3.68
20141118,52.78,47.22,29.45,17.13,8.82,3.79
20141111,53.21,46.79,29.59,17.27,8.82,3.79
20141104,54.74,45.26,29.86,17.7,8.91,3.81
20141028,56.52,43.48,29.61,18.02,9.17,3.99
20141021,56.16,43.84,29.8,18.04,9.09,3.87
20141014,55.59,44.41,29.78,18.14,9.3,3.87
20141007,53.03,46.97,30.52,18.66,9.46,3.87
20140930,52.22,47.78,30.57,18.67,9.41,3.85
20140923,54.53,45.47,30.63,18.4,9.26,3.72
20140916,54.91,45.09,31.11,19.95,9.32,3.72
20140909,53.9,46.1,31.27,20.31,9.47,3.7
20140902,53.16,46.84,32.79,20.93,9.91,3.8
20140826,52.23,47.77,33.87,21.56,10.08,3.8
20140819,51.93,48.07,33.56,21.62,10.12,3.8
20140812,52.81,47.19,33.62,22.03,10.24,3.79
20140805,52.44,47.56,33.94,22.19,10.19,3.84
20140729,52.49,47.51,34.06,22.77,10.6,3.9
20140722,53.8,46.2,33.63,23.86,11.26,2.79
20140715,54.61,45.39,34.16,24.12,11.87,2.86
20140708,54.52,45.48,34.25,24.95,12.02,2.94
20140701,55.57,44.43,34.02,25.01,11.98,2.98
20140624,54.67,45.33,35.03,24.82,11.23,2.91
20140617,54.73,45.27,35.55,25.44,11.63,3.14
20140610,53.91,46.09,36.15,25.97,12.18,2.68
20140603,52.14,47.86,37.33,27.28,13.24,3.02
20140527,52.12,47.88,37.93,27.72,13.64,3.35
20140520,52.36,47.64,38.13,28.3,14.47,4.99
20140513,51.2,48.8,38.08,28.04,14,4.46
20140506,49.33,50.67,40.06,28.34,14.49,4.45
20140429,51.18,48.82,38.43,26.76,12.77,3.88
20140422,49.83,50.17,38.43,26.2,11.48,3.26
20140415,51.54,48.46,37.88,25.21,10.11,2.83
20140408,50.29,49.71,37.99,24.23,9.88,2.53
20140401,47.11,52.89,38.37,24.12,9.8,2.18
20140325,48.02,51.98,38.27,23.09,9.7,2.09
20140318,48.53,51.47,37.48,22.27,8.47,1.64
20140311,47.91,52.09,35.74,21.71,7.7,1.66
20140304,46.53,53.47,35.86,21.56,7.4,1.57
20140225,45.89,54.11,36.08,21.54,7.65,1.76
20140218,46.79,53.21,35.74,21.26,7.26,1.14
20140211,44.53,55.47,37.6,21.41,6.86,0.88
20140204,43.45,56.55,37.39,20.84,7.37,0.88
20140128,43.74,56.26,36.49,20.76,7.24,0.83
20140121,46.63,53.37,34.43,19.03,6.41,0.37
20140114,47.43,52.57,34.39,19.03,6.41,0.37
20140107,46.64,53.36,33.22,17.12,4.13,0.37
20131231,48.24,51.76,30.95,16.67,3.96,0.37
20131224,46.35,53.65,31.11,16.64,3.99,0.37
20131217,43.41,56.59,31.5,16.63,3.9,0.41
20131210,44.51,55.49,30.28,16.37,3.81,0.39
20131203,44.56,55.44,30.59,16.5,3.82,0.39
20131126,43.82,56.18,30.57,16.49,3.8,0.39
20131119,41.21,58.79,32.45,17.32,3.91,0.37
20131112,43.98,56.02,31.76,17.26,2.97,0.33
20131105,44.88,55.12,32.24,17.45,2.93,0.34
20131029,44.13,55.87,34.7,18.07,2.83,0.3
20131022,45.04,54.96,35,18.12,2.82,0.3
20131015,45.24,54.76,36.71,18.13,2.75,0.29
20131008,42.23,57.77,38.59,19.6,2.91,0.29
20131001,39.57,60.43,41.21,20.7,3.06,0.29
20130924,38.05,61.95,45.46,25.33,4.33,0.31
20130917,35.9,64.1,48.19,28.35,6.85,0.43
20130910,36.25,63.75,50.69,33.28,10.15,1.25
20130903,38.28,61.72,50.1,32.4,9.86,1.25
20130827,37.65,62.35,50.04,33.37,10.54,1.32
20130820,40.02,59.98,45.62,32.23,10.54,1.32
20130813,42.7,57.3,45.26,31.58,11.77,2.03
20130806,42.6,57.4,45.5,32.32,11.98,2.77
20130730,42.76,57.24,45.64,32.44,11.8,3.17
20130723,41.7,58.3,46.55,33.37,12.54,3.83
20130716,45.6,54.4,46.13,34.28,13.34,4.34
20130709,47.62,52.38,44.86,33.61,13.84,4.67
20130702,49.11,50.89,44.06,32.95,13.57,4.68
20130625,48.67,51.33,43.84,32.04,13.14,4.37
20130618,46.73,53.27,44.78,30.04,12.61,4.38
20130611,46.93,53.07,44.13,28.44,11.36,4.69
20130604,45.01,54.99,44.11,28.5,11.44,4.79
20130528,43.12,56.88,44.34,29.57,11.75,4.75
20130521,39.06,60.94,46.07,31.16,12.64,4.94
20130514,38.27,61.73,47.67,32.3,13.64,4.4
20130507,37.58,62.42,48.06,32.89,14.12,4.38
20130430,39.88,60.12,46.9,32.73,13.96,3.4
20130423,39.79,60.21,47.34,31.75,14.72,2.59
20130416,38.32,61.68,47.82,32.1,14.57,2.58
20130409,35.35,64.65,50.82,35.13,16.71,3.38
20130402,33.29,66.71,51.92,35.31,17.13,5.2
20130326,34.96,65.04,51.64,35.19,16.86,5.1
20130319,34.76,65.24,51.86,35.45,16.85,5.4
20130312,36.33,63.67,51.38,34.94,16.51,5.28
20130305,34.33,65.67,53.34,36.44,17.04,5.45
20130226,33.62,66.38,54.17,36.35,16.96,5.45
20130219,33.15,66.85,55.82,37.41,18.66,6.66
20130212,34.11,65.89,55.74,37.75,17.71,6.61
20130205,32.03,67.97,56.84,40.13,19.1,6.85
20130129,30.27,69.73,57.68,40.61,19.35,6.37
20130122,30.22,69.78,57.64,40.07,19.31,6.36
20130115,29.85,70.15,58.87,40.3,19.39,6.31
20130108,28.26,71.74,60.26,41.71,20.8,6.7
20130101,27.22,72.78,61.1,42.05,21.31,6.75
20121225,26.15,73.85,61.82,42.46,21.6,6.73
20121218,26.21,73.79,61.79,42.51,21.67,6.64
20121211,26.12,73.88,61.88,42.59,21.07,6.49
20121204,23.84,76.16,62.37,42.22,20.63,6.49
20121127,24.02,75.98,62.66,41.55,20.12,6.39
20121120,26.22,73.78,60.1,37.85,19.05,6.27
20121113,27.55,72.45,58.84,35.98,18.3,6.01
20121106,27.47,72.53,59.49,38.06,19.36,6.18
20121030,27.11,72.89,60.16,38.27,19.04,5.88
20121023,25.64,74.36,61.8,38.64,19.52,5.84
20121016,25.01,74.99,62.39,38.83,19.08,5.84
20121009,23.27,76.73,63.55,39.92,20.15,6.18
20121002,24.1,75.9,64.59,40.07,20.13,6.07
20120925,23.4,76.6,65.45,42.12,21.49,6.12
20120918,21.84,78.16,64.82,41.07,20.75,5.96
20120911,21.47,78.53,64.16,41.81,21.09,6.23
20120904,22.53,77.47,63.4,42.48,21.45,6.14
20120828,22.31,77.69,62.9,42.35,23.18,6.04
20120821,22.72,77.28,63.2,44.04,23.01,6.31
20120814,22.32,77.68,61.78,45.55,23.68,6.26
20120807,21.86,78.14,62.46,46.01,24.14,4.21
20120731,20.62,79.38,62.91,45.58,22.27,3.01
20120724,19.92,80.08,63.86,45.57,20.57,2.38
20120717,19.24,80.76,63.54,42.24,13.53,0.99
20120710,20.01,79.99,60.84,37.19,11.61,0.74
20120703,23.67,76.33,55.96,34.25,10.32,0.6
20120626,27.98,72.02,51.13,30.73,8.54,0.41
20120619,31.21,68.79,46.72,24.27,5.19,0.29
20120612,37.47,62.53,39.68,19.15,3.93,0.29
20120605,36.01,63.99,38.6,18.92,4.6,0.6
20120529,35.98,64.02,37.37,18.94,5.22,0.66
20120522,37.68,62.32,35.3,19.46,5.95,0.95
20120515,45.21,54.79,33.64,18.39,5.71,1.02
20120508,43.89,56.11,35.87,19.64,6.77,1.61
20120501,40.68,59.32,38.18,20.4,6.92,1.93
20120424,40.58,59.42,37.07,19.95,6.65,1.86
20120417,40.56,59.44,36.94,19.6,6.57,1.89
20120410,39.13,60.87,38.34,20.12,6.73,2.05
20120403,39.87,60.13,36.76,19.64,6.65,1.92
20120327,43.57,56.43,35.93,19.4,6.72,2.15
20120320,43.92,56.08,38.31,19.19,6.88,2.21
20120313,41.76,58.24,39.77,20.86,7.29,2.41
20120306,42.81,57.19,39.02,19.3,7.24,2.44
20120228,42.48,57.52,38.66,19.5,7.63,2.5
20120221,42.76,57.24,37.93,17.34,7.64,2.43
20120214,42.67,57.33,37.82,17.97,9.32,3.22
20120207,42.98,57.02,37.87,18.01,9.17,3.14
20120131,41.84,58.16,37.87,18.41,9.6,3.19
20120124,41.8,58.2,36.21,18.44,9.8,2.74
20120117,43.06,56.94,32.52,18.76,10.21,2.77
20120110,46.29,53.71,32.55,18.83,9.76,2.63
20120103,50.41,49.59,31.9,18.83,10.18,3.32
20111227,50.89,49.11,28.49,18.95,10.01,3.31
20111220,57.25,42.75,27.54,19.37,11.17,4.38
20111213,57.13,42.87,28.04,20.85,12.86,4.59
20111206,59.28,40.72,28.17,21.04,13.82,4.8
20111129,58.96,41.04,29.35,21.9,14.97,5.98
20111122,56.96,43.04,31.18,23.2,16.51,8.11
20111115,56.09,43.91,31.89,23.99,17.22,8.7
20111108,55.82,44.18,33.16,23.99,17.51,8.78
20111101,56.97,43.03,32.56,24.35,17.73,8.86
20111025,58.95,41.05,30.26,23.95,17.26,9.55
20111018,59.33,40.67,29.84,23.69,17.44,9.91
20111011,57.83,42.17,30.47,23.85,17.12,9.76
20111004,55.13,44.87,30,23.76,18,11.69
20110927,56.45,43.55,29.13,23.44,17.8,11.37
20110920,57.22,42.78,30.46,23.64,17.99,11.34
20110913,55.36,44.64,30.86,24.1,18.54,11.75
20110906,56.53,43.47,30,23.37,18.05,11.2
20110830,54.07,45.93,32.83,24.75,18.27,11.21
20110823,54.81,45.19,30.95,23.43,17.24,11.14
20110816,55.14,44.86,31,23.43,17.37,10.83
20110809,55.01,44.99,32.86,24.74,18.48,11.47
20110802,54.99,45.01,32.34,25.18,18.29,10.92
20110726,59.11,40.89,29.49,23.86,18.19,11.05
20110719,62.8,37.2,28.41,23.22,18.03,10.9
20110712,64.33,35.67,28.7,23.69,18.67,11.96
20110705,62.63,37.37,29.28,23.58,18.61,11.77
20110628,63.03,36.97,28.08,23.28,18.38,11.94
20110621,67.29,32.71,27.29,22.36,18,11.84
20110614,66.95,33.05,27.12,21.79,16.42,9.03
20110607,67.68,32.32,26.77,21.31,15.74,7.8
20110531,68.95,31.05,25.56,20.69,14.68,6.26
20110524,68.68,31.32,25.47,20.25,13.46,5.62
20110517,67.69,32.31,26.35,20.68,13.18,6.04
20110510,66.2,33.8,26.42,20.53,12.48,5.94
20110503,66.23,33.77,26.39,19.25,11.66,3.12
20110426,65.7,34.3,26.58,18.49,10.86,1.66
20110419,63.3,36.7,27.4,18.98,9.87,1.42
20110412,62.58,37.42,28.48,18.31,9,0.93
20110405,62.46,37.54,28.75,18.17,8.75,0.42
20110329,61.76,38.24,28.14,18.22,6.41,0
20110322,60.69,39.31,27.33,14.91,4.77,0
20110315,60.9,39.1,25.92,13.04,3.35,0
20110308,59.25,40.75,27.48,12.56,2.68,0
20110301,57.03,42.97,27.92,12.46,2.3,0
20110222,56.18,43.82,28.22,11.43,2.07,0
20110215,55.19,44.81,24.94,9.6,1.43,0
20110208,56.64,43.36,24.27,9.64,1.43,0
20110201,57.46,42.54,24.1,10.57,1.61,0
20110125,58.19,41.81,24.03,8.95,2.07,0
20110118,59.28,40.72,22.94,7.96,2.18,0
20110111,60.58,39.42,23.14,7.65,2.37,0
20110104,60.5,39.5,21.74,8.5,2.6,0
20101228,59.06,40.94,23.75,9.06,2.36,0
20101221,58.48,41.52,23.34,8.38,1.95,0
20101214,57.66,42.34,19.8,7.15,1.41,0
20101207,57.37,42.63,17.81,6.97,1.29,0
20101130,60.26,39.74,16.67,6.03,0.78,0
20101123,61.01,38.99,17.11,6.41,1.16,0
20101116,60.02,39.98,16.52,5.98,1.26,0
20101109,61.47,38.53,16.51,6.43,1.37,0
20101102,61.29,38.71,15.78,6.47,1.34,0
20101026,63.67,36.33,15.25,5.92,1.19,0
20101019,59.79,40.21,14.85,5.61,1.08,0
20101012,61.68,38.32,12.51,4.2,0.52,0
20101005,63.64,36.36,11.72,2.71,0.32,0
20100928,60.05,39.95,13.16,3.09,0.3,0
20100921,63.94,36.06,12.21,2.93,0.3,0
20100914,67.96,32.04,10.3,2.23,0.22,0
20100907,70.31,29.69,9.17,1.83,0.22,0
20100831,68.42,31.58,9.55,1.49,0.14,0
20100824,73.99,26.01,8.01,1.44,0.14,0
20100817,72.4,27.6,8.46,1.66,0.14,0
20100810,74.69,25.31,8.33,1.94,0.3,0
20100803,75.51,24.49,8.18,1.97,0.3,0
20100727,74.3,25.7,8.95,1.84,0.28,0
20100720,72.9,27.1,8.26,1.38,0.25,0
20100713,74.83,25.17,7.83,1.33,0.25,0
20100706,75.2,24.8,7.74,1.38,0.25,0
20100629,75.24,24.76,8.46,1.85,0.39,0
20100622,74.98,25.02,8.88,2.03,0.48,0
20100615,78.65,21.35,8.59,2.27,0.48,0
20100608,78.36,21.64,9.04,2.97,0.48,0
20100601,72.88,27.12,9.81,3.25,0.48,0
20100525,76.25,23.75,9.27,2.48,0.18,0
20100518,74.13,25.87,10.33,2.74,0.03,0
20100511,69.21,30.79,11.34,2.62,0,0
20100504,68.58,31.42,10.87,2.62,0,0
20100427,66.92,33.08,10.66,2.62,0,0
20100420,68.45,31.55,10.11,2.21,0,0
20100413,68.14,31.86,9.13,1.98,0,0
20100406,71.57,28.43,9.1,2,0,0
20100330,73.22,26.78,9.01,2,0,0
20100323,73.01,26.99,9.42,2.21,0,0
20100316,72.23,27.77,9.3,2.29,0,0
20100309,70.37,29.63,9.59,2.32,0,0
20100302,72.32,27.68,8.83,1.56,0,0
20100223,71.85,28.15,9.03,1.59,0,0
20100216,71.44,28.56,8.8,1.48,0,0
20100209,72.72,27.28,7.78,1.36,0,0
20100202,72.78,27.22,8.46,1.39,0,0
20100126,71.95,28.05,9.15,1.6,0.13,0
20100119,69.14,30.86,13.64,5.69,0.36,0
20100112,68.84,31.16,13.8,6.13,0.36,0
20100105,72.07,27.93,13.25,4.22,0.19,0
20091229,72.07,27.93,12.41,4.24,0.19,0
20091222,72.8,27.2,12.51,4.24,0.19,0
20091215,72.64,27.36,12.59,4.44,0.19,0
20091208,72.88,27.12,12.89,5.22,0.4,0
20091201,72.91,27.09,13.11,5.22,0.47,0
20091124,72.89,27.11,13.16,5.29,0.53,0.06
20091117,75.19,24.81,12.65,4.79,0.38,0.08
20091110,73.98,26.02,12.99,4.51,0.38,0.08
20091103,74.71,25.29,12.7,4.53,0.46,0.08
20091027,73.04,26.96,11.93,4.61,0.46,0.08
20091020,69.49,30.51,12.81,5.32,0.68,0.13
20091013,67.25,32.75,14.2,6.88,0.63,0.13
20091006,66.07,33.93,14.58,5.68,0.74,0.13
20090929,63.99,36.01,14.98,6.18,1.3,0.28
20090922,66.72,33.28,15.25,6.18,1.57,0.33
20090915,67.46,32.54,14.64,5.54,1.4,0.3
20090908,65.66,34.34,14.99,5.79,2.2,1.42
20090901,67.78,32.22,14.18,5.95,2.33,1.53
20090825,68.13,31.87,14.13,6.02,2.33,1.66
20090818,66.75,33.25,12.55,6.45,2.57,1.6
20090811,65.11,34.89,12.44,6.4,2.56,1.48
20090804,65.53,34.47,12.96,6.76,2.56,1.48
20090728,64.89,35.11,13.84,6.81,2.18,1.65
20090721,62.35,37.65,14.52,6.83,2.17,1.45
20090714,63.78,36.22,15.12,6.42,2.18,1.58
20090707,65.49,34.51,14.05,6.15,1.97,1.24
20090630,67.3,32.7,13.4,5.51,1.76,0.98
20090623,68.73,31.27,13.03,5.4,1.36,0.72
20090616,65.73,34.27,13.7,5.94,1.46,0.67
20090609,65.46,34.54,14.4,6.15,1.54,0.67
20090602,66.36,33.64,14.29,6.06,1.46,0.57
20090526,69.36,30.64,14.51,5.67,1.53,0.59
20090519,66.28,33.72,17.1,7.21,1.9,0.75
20090512,65.13,34.87,17.11,7.49,2.65,1.31
20090505,60.91,39.09,17.24,7.38,2.12,0.86
20090428,54.75,45.25,18.28,8.06,2.05,0.86
20090421,56.22,43.78,19.33,8.94,2.15,0.99
20090414,54.59,45.41,20.79,9.34,2.29,1.01
20090407,53.44,46.56,22.41,9.41,2.17,0.62
20090331,49.46,50.54,24.72,7.99,2.17,0.62
20090324,42.79,57.21,26.6,8.08,1.9,0.62
20090317,45.88,54.12,24.49,7.82,1.9,0.62
20090310,45.64,54.36,25.71,7.64,2.13,0.85
20090303,47.07,52.93,25.69,8.7,2.29,0.85
20090224,50.36,49.64,24.01,8.99,2.71,0.75
20090217,50.61,49.39,21.1,9.28,2.81,0.75
20090210,49.87,50.13,21.96,9.6,2.88,0.67
20090203,56.21,43.79,21.75,9.48,2.88,0.59
20090127,54.95,45.05,21.07,8.42,2.45,0.37
20090120,58.57,41.43,19.3,6.89,2.26,0.37
20090113,58.24,41.76,19.43,6.46,1.64,0.37
20090106,57.71,42.29,19.2,5.93,1.21,0.37
20081230,58.2,41.8,19.19,6.17,1.24,0.37
20081223,54.32,45.68,20.35,6.68,1.35,0.37
20081216,53.07,46.93,20.86,7.19,1.56,0.37
20081209,52.7,47.3,21.78,8.59,2.21,0.77
20081202,51.76,48.24,21.62,7.91,2.12,0.62
20081125,54.88,45.12,21.39,8.24,2.06,0.51
20081118,56.16,43.84,20.92,8.15,1.77,0.44
20081111,57.63,42.37,21.11,8.59,1.86,0.44
20081104,56.16,43.84,21.66,8.64,1.86,0.19
20081028,58.34,41.66,21.59,9.39,1.7,0.12
20081021,56.46,43.54,22.42,9.47,1.74,0.12
20081014,58.1,41.9,21.12,9.01,1.74,0.12
20081007,54.73,45.27,23.15,9.02,1.73,0.18
20080930,54.1,45.9,23.55,8.9,1.84,0.18
20080923,55.92,44.08,22.84,8.09,1.51,0.18
20080916,54.58,45.42,21.86,7.52,1.38,0.14
20080909,51.86,48.14,22.69,7.86,1.43,0.14
20080902,47.98,52.02,23.91,8.17,1.56,0.14
20080826,46.89,53.11,23.16,9.17,1.91,0.14
20080819,48.87,51.13,25.19,11.58,3.08,0.77
20080812,48.29,51.71,27.25,12.85,4.42,0.96
20080805,46.84,53.16,28.2,12.98,4.35,0.96
20080729,48.92,51.08,28.12,12.6,4.36,0.96
20080722,47.66,52.34,27.42,10.94,3.99,1.22
20080715,51.87,48.13,27.07,10.81,3.47,0.83
20080708,51.86,48.14,27.55,11.88,4.16,0.88
20080701,52.26,47.74,28.07,12.06,4.36,0.79
20080624,51.81,48.19,29.34,11.83,4.54,0.41
20080617,52.13,47.87,30.23,12.1,4.28,0.32
20080610,52.1,47.9,23.7,9.41,2.35,0
20080603,58.46,41.54,23.08,8.57,1.78,0
20080527,60,40,21.53,8.12,1.64,0
20080520,54.3,45.7,25.19,8.64,1.55,0
20080513,53.82,46.18,24.56,8.62,2.09,0
20080506,52.6,47.4,25.61,8.74,2.2,0
20080429,52.03,47.97,27.29,10.49,2.48,0.29
20080422,54.54,45.46,26.92,9.15,2.51,0.29
20080415,54.53,45.47,26.78,9.61,2.36,0.29
20080408,53.83,46.17,26.63,7.99,2.62,0
20080401,52.47,47.53,28.36,9.72,2.85,0
20080325,53.7,46.3,28.27,12.58,2.51,0
20080318,53.38,46.62,29.64,13.62,2.65,0.11
20080311,53.33,46.67,27.2,14.37,2.65,0.38
20080304,51.91,48.09,28.46,15.26,3.28,0.89
20080226,50.09,49.91,29.19,15.05,3.35,1.09
20080219,46.56,53.44,29.71,15.31,4.03,2.06
20080212,43.45,56.55,29.98,15.11,4.08,2.15
20080205,44.05,55.95,31.25,15.4,4.08,2.15
20080129,43.59,56.41,31.57,16.19,4.4,2.29
20080122,44.2,55.8,34.48,17.88,4.16,2.18
20080115,42.31,57.69,35.69,19.19,4.44,2.18
20080108,43.59,56.41,35.41,18.25,4.71,2.51
20080101,45.42,54.58,34.97,20.39,5.75,2.38
20071225,46.38,53.62,34.54,20.78,6.41,3.75
20071218,46.38,53.62,34.68,20.87,6.42,3.75
20071211,44.32,55.68,35.56,20.91,6.42,3.75
20071204,41.44,58.56,36.33,20.68,6.15,3.24
20071127,43.76,56.24,37.42,22.73,8.04,2.88
20071120,39.56,60.44,36.97,22.42,8.06,2.93
20071113,42.19,57.81,36.11,22.52,7.55,2.72
20071106,46.66,53.34,35.56,23,8,2.47
20071030,49.89,50.11,35.07,22.89,7.89,2.2
20071023,45.22,54.78,38.84,26.38,10.59,3.97
20071016,41.45,58.55,43.9,30.22,13.13,4.32
20071009,40.88,59.12,43.75,29.99,12.4,3.53
20071002,40.7,59.3,43.76,29.63,11.99,3.35
20070925,41.29,58.71,43.95,30.03,11.81,2.28
20070918,41.4,58.6,43.82,32.08,12.24,2.31
20070911,40.41,59.59,44.45,32.11,12.31,2.82
20070904,38.48,61.52,45.48,32.33,12.17,2.4
20070828,38.05,61.95,45.74,33.14,12.81,2.78
20070821,35.35,64.65,48.75,33.29,12.5,2.86
20070814,34.79,65.21,48.17,32.85,10.01,2.34
20070807,33.83,66.17,46.95,30.01,8.35,1.53
20070731,35.94,64.06,46.11,28.74,6.78,0.66
20070724,37.53,62.47,43.75,24.93,6.31,0.4
20070717,40.64,59.36,42.33,19.74,6.31,0.51
20070710,41.84,58.16,39.24,19.4,6.33,0.51
20070703,46.17,53.83,34.54,18.52,7.09,0.77
20070626,46.43,53.57,34.34,19.08,7.36,0.92
20070619,47.46,52.54,34.05,19.05,7.54,1.2
20070612,49.43,50.57,33.49,18.28,6.47,0.89
20070605,48.65,51.35,33.78,16.95,6.47,0.38
20070529,49.49,50.51,33.84,17.67,6.89,0
20070522,50.97,49.03,33.8,17.38,6.65,0
20070515,51.23,48.77,32.85,16.01,5.49,0
20070508,53.45,46.55,31.61,14.57,5.12,0
20070501,52.44,47.56,32.51,14.87,4.73,0
20070424,52.47,47.53,31.71,13.88,4.04,0
20070417,52.94,47.06,31.39,13.29,3.45,0
20070410,50.14,49.86,31.8,11.23,3.01,0
20070403,50.62,49.38,30.59,10.46,3.05,0
20070327,44.74,55.26,32.95,14.01,4.68,0
20070320,49.04,50.96,26.92,13.33,5.38,0.18
20070313,50.19,49.81,26.42,13.13,5.48,0.18
20070306,56.02,43.98,23.52,12.11,3.87,0.18
20070227,54.7,45.3,25.2,13.36,4.62,0.18
20070220,51.53,48.47,27.03,14.52,5.4,0.18
20070213,53.25,46.75,26.11,14.65,5.62,0.22
20070206,53.56,46.44,25.21,14.12,5.32,0.21
20070130,56.32,43.68,25.58,13.73,5.32,0.21
20070123,57.93,42.07,24.96,13.36,5.3,0.21
20070116,54.23,45.77,24.97,13.06,6.01,0.31
20070109,51.59,48.41,25.85,13.47,6.28,0.33
20070102,50.01,49.99,25.63,12.62,5.93,0.33
20061226,47.52,52.48,25.53,13.03,5.86,0.48
20061219,46.13,53.87,26.52,13.71,6.2,0.61
20061212,52.24,47.76,25.65,13.51,6.23,0.61
20061205,53.72,46.28,25.13,13.13,6.14,0.17
20061128,57.24,42.76,26.14,13.97,7.42,0.26
20061121,56.51,43.49,26.09,13.51,6.39,0.17
20061114,54.91,45.09,27.55,13.89,5.83,0
20061107,56.23,43.77,27.29,13.89,5.7,0
20061031,52.03,47.97,29.97,15.54,6.04,0
20061024,49.86,50.14,31.56,16.59,6.11,0
20061017,46.86,53.14,33.06,16.35,6.33,0.28
20061010,45.35,54.65,35.1,16.81,6.68,0.24
20061003,44.59,55.41,34.48,16.53,6.81,0.14
20060926,45.12,54.88,32.93,16.3,6.61,0.14
20060919,43.28,56.72,36.79,16.49,7.52,0.3
20060912,42.32,57.68,40.14,22.1,10.29,1.44
20060905,39.05,60.95,41.28,23.25,9.56,1.04
20060829,36.7,63.3,43.95,24.6,9.96,1.74
20060822,35.5,64.5,47.98,29.16,11.04,2
20060815,35.8,64.2,49.16,29.86,11.34,2.01
20060808,36.4,63.6,49.36,30.93,12.09,1.9
20060801,38.54,61.46,48.43,28.69,11.34,1.25
20060725,38.49,61.51,49.96,29.12,11.33,1.25
20060718,39.6,60.4,48.47,25.9,7.34,1.01
20060711,41.64,58.36,40.55,17.44,5.33,0.62
20060704,46.39,53.61,38.04,19.77,8.46,0.94
20060627,47.66,52.34,35.15,19.22,8.99,1.26
20060620,46.48,53.52,33.92,19.76,9.57,1.17
20060613,46.23,53.77,35.17,19.66,9.79,1.17
20060606,51.41,48.59,31.28,18.11,8.27,1.18
20060530,50.64,49.36,29.38,14.88,6.88,1.29
20060523,54.59,45.41,27.18,13.92,7.13,1.36
20060516,53.39,46.61,25.06,12.98,6.84,1.36
20060509,48.37,51.63,26.08,12.41,6.96,1.7
20060502,49.16,50.84,30.02,15.47,5.56,1.82
20060425,48.76,51.24,32.39,18.56,6.78,1.23
20060418,47.57,52.43,32.78,18.7,5.55,1.27
20060411,49.44,50.56,31.6,16.55,3.96,1.12
20060404,47.69,52.31,31.2,15.04,4.08,1.12
20060328,49.07,50.93,31.4,16.74,4.23,1.12
20060321,49.04,50.96,29.94,16.53,5.04,1.12
20060314,54.05,45.95,31.3,18.2,8.07,1.36
20060307,52.3,47.7,31.56,18.03,8.31,1.22
20060228,54.31,45.69,30.11,16.42,7.15,1.22
20060221,58.04,41.96,28.58,15.26,6.59,0.64
20060214,58.24,41.76,28.18,14.27,6.37,0.57
20060207,57.82,42.18,28.51,13.84,6.1,0.61
20060131,56.82,43.18,27.24,11.28,4.35,0.54
20060124,56.51,43.49,25.25,10.81,4.57,0.87
20060117,54.33,45.67,25.49,8.55,3.74,0.76
20060110,54.51,45.49,22.22,8.11,3.66,0.65
20060103,57.05,42.95,21.29,7.49,2.95,0.61
20051227,55.66,44.34,22.6,7.35,2.8,0.54
20051220,53.89,46.11,22.78,7.4,2.8,0.54
20051213,53.39,46.61,22.6,6.72,1.66,0
20051206,54.74,45.26,22.09,6.06,1.39,0
20051129,52.54,47.46,21.28,6.68,1.06,0
20051122,50.15,49.85,22.41,6.69,0.96,0
20051115,48.48,51.52,23.33,5.88,0.96,0
20051108,48.36,51.64,23.97,4.57,0.89,0
20051101,48.54,51.46,21.96,5.48,1,0
20051025,53.45,46.55,20.22,5.3,1,0
20051018,57.33,42.67,18.55,5.11,0.8,0
20051011,56.87,43.13,18.93,5.56,0.84,0
20051004,52.08,47.92,25.04,6.83,0.82,0
20050927,54.15,45.85,23.73,7.19,0.75,0
20050920,51.93,48.07,26.04,9.05,0.99,0
20050913,52.16,47.84,24.5,9.87,1.39,0
20050906,55.75,44.25,22.18,9.51,1.14,0
20050830,58.03,41.97,21.93,8.51,0.84,0
20050823,56.95,43.05,23.46,9.05,0.84,0
20050816,53.5,46.5,25.37,9.78,0.99,0
20050809,48.02,51.98,27.74,11.27,1.83,0
20050802,47.68,52.32,29.3,12.3,1.84,0
20050726,48.49,51.51,28.82,12.04,1.94,0
20050719,51.91,48.09,28.36,11.86,1.5,0
20050712,54.71,45.29,26.45,10.49,1.38,0
20050705,54.08,45.92,26.94,11.43,1.64,0
20050628,52.82,47.18,25.21,9.73,0.71,0
20050621,59.48,40.52,22.96,7.59,0,0
20050614,59.78,40.22,24.07,7.68,0.51,0
20050607,55.24,44.76,26.88,8.85,1.08,0
20050531,54.95,45.05,23.71,10.56,1.89,0
20050524,55.47,44.53,22.26,10.67,1.89,0
20050517,59.88,40.12,21.34,10.43,1.89,0
20050510,52.61,47.39,22.51,13.25,3.29,0
20050503,55.75,44.25,21.78,13.19,4.64,0.67
20050426,64.33,35.67,22.14,13.3,4.75,0.85
20050419,64.28,35.72,22.16,13.99,5.77,1.53
20050412,67.21,32.79,23.43,15.44,5.51,1.49
20050405,63.39,36.61,25.16,16.35,5.68,1.45
20050329,62.59,37.41,25.91,16.52,5.83,1.51
20050322,60.11,39.89,26.82,17.57,6.69,1.57
20050315,59.69,40.31,26.82,17.57,6.69,1.57
20050308,59.94,40.06,26.76,16.79,5.56,1.33
20050301,61.65,38.35,26.7,16.26,5.51,1.32
20050222,60.35,39.65,27.17,15.41,5.84,1.04
20050215,60.8,39.2,27.24,14.2,5.77,1.04
20050208,61.25,38.75,27.93,14.1,5.63,1.04
20050201,60.9,39.1,28.45,14.23,4.87,0.72
20050125,60.83,39.17,24.65,13.52,5,0.72
20050118,60.99,39.01,24.26,13.39,4.8,0.72
20050111,60.09,39.91,24.36,13.64,4.85,0.75
20050104,63.02,36.98,25.64,15.39,5.91,0.77
20041228,61.24,38.76,27.1,16.51,6.53,0.92
20041221,62.66,37.34,27.13,16.58,6.39,0.92
20041214,64.29,35.71,26.88,16.09,6.26,0.9
20041207,63.43,36.57,27.02,16.49,6.49,0.93
20041130,62.82,37.18,26.99,16.72,6.49,0.93
20041123,60.06,39.94,28.44,17.69,7.89,0.93
20041116,60.23,39.77,28.59,17.76,8.01,0.93
20041109,60.9,39.1,28.55,18.09,8.06,0.93
20041102,60.72,39.28,28.59,19.14,8.34,0.93
20041026,58.84,41.16,29.78,19.25,8.34,0.93
20041019,57.79,42.21,30.75,20.68,9.62,0.97
20041012,55.44,44.56,31.61,21.27,9.64,1
20041005,51.58,48.42,32.25,21.58,9.41,0.93
20040928,56.52,43.48,30.51,21.82,9.69,0.93
20040921,58.79,41.21,30.62,21.99,9.7,0.93
20040914,59.55,40.45,30.95,22.18,10.27,0.96
20040907,61.36,38.64,30.98,22.46,10.71,1.18
20040831,59.78,40.22,31.18,22.74,11.54,1.21
20040824,58.35,41.65,31.87,23.05,11.63,1.23
20040817,56.21,43.79,32.85,23.64,11.99,1.26
20040810,54.03,45.97,32.95,23.82,11.35,1.26
20040803,53.81,46.19,33.03,24.04,10.94,1.38
20040727,55.17,44.83,32.65,23.69,10.73,1.38
20040720,52.47,47.53,33.46,24.17,10.62,1.43
20040713,53.65,46.35,33.47,24.19,10.62,1.2
20040706,54.46,45.54,33.74,23.45,10.57,1.2
20040629,54.25,45.75,33.75,23.54,11.04,1.22
20040622,53.25,46.75,36.08,24.29,11.17,1.22
20040615,50.44,49.56,37.59,25.46,12.55,1.28
20040608,47.21,52.79,38.56,25.83,12.67,0.58
20040601,44.3,55.7,39.34,25.74,12.81,0.81
20040525,42.32,57.68,39.93,25.89,12.92,0.81
20040518,46.4,53.6,37.32,25.45,12.15,1.11
20040511,45.16,54.84,39.12,26.97,12.35,1.09
20040504,45.83,54.17,39.69,26.71,12.02,1.08
20040427,44.3,55.7,38.84,25.92,10.56,0.83
20040420,42.04,57.96,38.3,25.99,10.89,0.83
20040413,44.45,55.55,36.42,25.23,10.36,0.81
20040406,45.79,54.21,36.02,25.31,10.3,0.64
20040330,46.49,53.51,37.36,27.14,13.08,1.93
20040323,47.38,52.62,38.37,27.18,12.65,1.93
20040316,51.17,48.83,37.71,27.07,12.34,1.93
20040309,50.61,49.39,38.47,27.52,12.46,1.93
20040302,48.59,51.41,39.19,28.27,12.54,2.08
20040224,47.71,52.29,40.97,30.75,14.71,2.83
20040217,46.59,53.41,41.29,30.75,14.44,2.83
20040210,46.55,53.45,41.13,30.68,14.49,2.83
20040203,45.58,54.42,41.87,30.83,14.96,2.97
20040127,45.58,54.42,42.55,30.97,15.55,3.01
20040120,44.9,55.1,43.84,31.27,15.59,2.89
20040113,42.43,57.57,44.4,31.74,15.93,3.15
20040106,42.23,57.77,45.97,32.54,16.24,3.71
20031230,43.82,56.18,45.81,33.78,15.99,3.4
20031223,42.53,57.47,47.54,33.9,17.64,3.72
20031216,43.41,56.59,47.53,33.95,17.56,3.37
20031209,41.41,58.59,47.89,33.75,17.19,3.3
20031202,42.03,57.97,47.76,33.57,17.27,3.35
20031125,41.22,58.78,47.93,33.55,17.65,3.29
20031118,39.85,60.15,48.41,33.69,17.71,3.18
20031111,38.4,61.6,48.84,34.1,18.45,3.34
20031104,38.41,61.59,47.9,33.88,18.36,2.61
20031028,37.13,62.87,48.73,35.06,18.28,2.54
20031021,38.89,61.11,46.62,34.56,17.28,2.04
20031014,40.06,59.94,46.5,34.12,17.52,2.04
20031007,41.01,58.99,48.34,33.6,16.75,2.07
20030930,38.57,61.43,48.37,33.12,16.87,2.09
20030923,37.14,62.86,50.27,33.81,16.86,2.07
20030916,37.61,62.39,50.26,34.44,17.18,2.19
20030909,35.34,64.66,54.28,37.67,18.06,2.21
20030902,35.76,64.24,52.41,34.38,17.11,1.93
20030826,32.99,67.01,54.8,37.21,18.87,2.2
20030819,35.23,64.77,49.52,34.1,17.38,2.12
20030812,41.14,58.86,48.86,32.48,15.35,1.95
20030805,42.78,57.22,48.05,30.07,14.93,1.98
20030729,44.96,55.04,47.09,28.89,15.11,2.15
20030722,46.13,53.87,38.33,26.04,14.84,1.66
20030715,46.28,53.72,31.88,23.75,12.51,0.81
20030708,53.26,46.74,29.54,22.25,11.46,0.81
20030701,51.8,48.2,30.67,21.72,10.83,0.76
20030624,48.67,51.33,34.95,22.08,10.71,0.88
20030617,48.62,51.38,35.41,22.01,10.93,1
20030610,46.64,53.36,39.21,23.86,10.24,1.02
20030603,45.48,54.52,41.88,24.54,10.13,0.61
20030527,46.91,53.09,41.97,24.58,10.24,0.6
20030520,45.97,54.03,42.67,25.49,10.15,0.6
20030513,43.78,56.22,41.91,21.23,10.37,0.62
20030506,38.67,61.33,42.8,23.45,10.87,0.26
20030429,34.63,65.37,43.68,28.29,13.03,0.26
20030422,40.8,59.2,42.84,27.21,14.35,0.26
20030415,38.79,61.21,43.33,27.25,14.48,0.23
20030408,41.99,58.01,42.82,27.18,14.79,0.26
20030401,41.11,58.89,44.55,29.27,15.59,0.58
20030325,40.82,59.18,47.93,30.82,17.11,1.22
20030318,39.33,60.67,48.47,31.68,19.18,1.69
20030311,36.71,63.29,44.74,32.36,19.31,1.69
20030304,38.82,61.18,44.75,32.54,19.9,2
20030225,39.15,60.85,43.43,32.48,19.93,2.08
20030218,38.14,61.86,44.26,31.92,20.12,2.09
20030211,36.52,63.48,45.28,32.81,20.66,2.32
20030204,37.95,62.05,44.33,32.02,20.54,2.25
20030128,38.89,61.11,44.41,32.9,20.87,2.5
20030121,40,60,44.29,32.73,20.54,2.36
20030114,42.22,57.78,44.01,32.18,18.37,2.58
20030107,42.38,57.62,42.57,31.21,16.3,1.69
20021231,44.95,55.05,41.24,30.33,14.26,1.28
20021224,43.42,56.58,42.12,30.66,13.91,1.28
20021217,42.27,57.73,42.57,30.77,13.9,1.28
20021210,38.62,61.38,43.78,30.76,13.66,1.26
20021203,41.04,58.96,42.04,26.6,13.25,1.09
20021126,41.37,58.63,41.47,26.23,13.53,1.11
20021119,41.05,58.95,41.88,26.28,13.58,1.15
20021112,40.85,59.15,42.86,26.57,13.53,1.12
20021105,39.15,60.85,48.15,30.15,14.75,1.33
20021029,39.02,60.98,46.81,29.68,15.11,1.35
20021022,35.32,64.68,48.45,30.38,15.47,1.34
20021015,32.3,67.7,49.81,31.25,15.86,1.34
20021008,28.77,71.23,50.2,32.37,16.87,2.09
20021001,29.08,70.92,48.59,33.39,17.84,3.14
20020924,31.9,68.1,52.73,35.7,18.79,3.29
20020917,28.58,71.42,53.51,37.09,19.92,3.88
20020910,28.94,71.06,54.63,38.04,20.52,5
20020903,32.08,67.92,49.95,36.13,21.43,6.23
20020827,36.67,63.33,49.31,35.28,23.5,7.41
20020820,35.1,64.9,49.06,35.12,23.71,7.85
20020813,31.46,68.54,50.5,35.35,23.42,7.45
20020806,31.5,68.5,50.09,35.78,23.22,6.98
20020730,28.67,71.33,50.45,34.65,22.5,6.11
20020723,28.15,71.85,51.48,35.91,22.55,5.99
20020716,34.32,65.68,48.54,34.04,21.32,5.52
20020709,36.16,63.84,47.79,33.14,20.51,5.51
20020702,36.88,63.12,48.15,34.66,20.92,5.29
20020625,37.74,62.26,47.82,33.47,19.92,3.5
20020618,38.87,61.13,46.96,31.79,17.93,2.48
20020611,37.84,62.16,45.2,30.35,16.68,2.07
20020604,37.21,62.79,44.56,30.01,16.85,2.7
20020528,37.91,62.09,44.53,30.92,17.62,2.73
20020521,40.44,59.56,44.34,30.4,16.87,0.61
20020514,38.56,61.44,46.77,31.34,16.44,0.65
20020507,36.39,63.61,43.96,31.68,11.4,0.61
20020430,38.73,61.27,42.9,30.99,11.95,0.28
20020423,38.53,61.47,43.16,29.81,9.37,0
20020416,39.5,60.5,43.21,27.43,6.75,0
20020409,37.01,62.99,42.59,25.76,5.6,0
20020402,35.89,64.11,41.21,24.45,5.23,0
20020326,34.39,65.61,41.48,23.37,6.43,0
20020319,34.52,65.48,40.78,20.08,6.62,0
20020312,32.84,67.16,43.93,21.55,6.77,0
20020305,36.4,63.6,36.54,18.16,5.66,0
20020226,36.12,63.88,36.22,18.11,5.76,0
20020219,39.32,60.68,35.41,16.77,5.64,0
20020212,41.34,58.66,33.81,16.58,5.27,0
20020205,42.35,57.65,32.1,16.52,5.51,0
20020129,42.72,57.28,32.37,16.7,5.3,0
20020122,43.57,56.43,32.97,17.76,5.64,0
20020115,43.72,56.28,33.66,18.26,5.76,0
20020108,45.55,54.45,34.71,20.27,6.31,0
20020101,46.54,53.46,36.64,22.71,8.75,0
20011225,46.66,53.34,36.36,22.6,8.12,0
20011218,46.77,53.23,36.96,23.03,8.65,0
20011211,45.65,54.35,37.11,21.9,8.69,0
20011204,44.08,55.92,38.67,23.69,9.42,0
20011127,43.63,56.37,37.96,23.9,10.93,0
20011120,39,61,39.17,24.57,11.07,0
20011113,38.78,61.22,39.14,23.13,11.41,0
20011106,42.08,57.92,37.25,22.3,11.41,0
20011030,44.62,55.38,35.69,20.89,9.96,0
20011023,48.06,51.94,31.42,19.71,10.01,0
20011016,53.8,46.2,28.65,19.15,10.01,0
20011009,52.59,47.41,29.16,18.94,10.01,0
20011002,55.87,44.13,28.24,18.94,9.64,0
20010925,56.3,43.7,28.4,19.78,9.39,0
20010918,51.64,48.36,29.6,19.92,9.37,0
20010911,49.19,50.81,30.05,19.92,9.37,0
20010904,49.76,50.24,28.54,18.91,8.89,0
20010828,52.54,47.46,30.43,19.95,8.52,0
20010821,54.08,45.92,30.97,19.19,7.18,0
20010814,51.19,48.81,30.88,18.58,5,0
20010807,48.63,51.37,31.03,18.45,5.23,0
20010731,47.31,52.69,30.97,17.76,5.23,0
20010724,47.18,52.82,27.64,17.01,3.53,0
20010717,51.02,48.98,26.2,17.69,3.56,0
20010710,57.32,42.68,25.8,16.77,3.79,0
20010703,52.98,47.02,26.93,17.8,4.01,0
20010626,54.68,45.32,26.1,16.37,1.99,0
20010619,57.18,42.82,24.49,14.49,1.92,0
20010612,62.26,37.74,25.41,12.7,2.03,0.1
20010605,60.31,39.69,26.98,13.08,2.34,0.4
20010529,55.13,44.87,30.14,13.54,2.45,0.49
20010522,53.76,46.24,31.9,13.32,2.56,0.49
20010515,51.45,48.55,31.87,15.29,2.79,0.46
20010508,52.51,47.49,28.52,13.18,1.97,0.27
20010501,63.07,36.93,24.94,10.43,1.53,0.27
20010424,64.79,35.21,22.12,10.3,1.53,0.27
20010417,64.95,35.05,21.34,10.18,1.53,0.27
20010410,64.48,35.52,21.21,10.13,1.42,0.21
20010403,61.84,38.16,20.58,10.13,1.42,0.18
20010327,62.42,37.58,21.17,9.91,1.47,0.64
20010320,65.95,34.05,21.51,9.91,1.51,0.68
20010313,66.03,33.97,21.02,9.39,1.59,0.71
20010306,66.74,33.26,21.24,5.46,1.65,0.71
20010227,65.22,34.78,21.65,5.64,1.73,0.73
20010220,65.55,34.45,21.69,5.63,1.72,0.64
20010213,62.79,37.21,22.19,5.6,1.61,0.61
20010206,61.43,38.57,11.98,5.38,1.02,0.34
20010130,61.15,38.85,11.71,5,0.89,0.35
20010123,56.57,43.43,12.85,5.71,0.96,0.35
20010116,69.98,30.02,14.3,6.14,1.54,0.33
20010109,68.35,31.65,14.3,6.53,1.42,0.33
20010102,70.82,29.18,13.94,6.15,0.96,0.33
20001226,72.25,27.75,14.41,7.52,0.96,0.36
20001219,70.65,29.35,15.34,7.53,0.88,0.3
20001212,66.85,33.15,17.06,9.29,1.1,0.25
20001205,66.14,33.86,16.74,9.06,0.81,0.14
20001128,64.43,35.57,16.21,9.04,0.71,0
20001121,64.23,35.77,17.68,10.71,2.64,0
20001114,63.11,36.89,18.89,11.93,5.83,0.72
20001107,54.68,45.32,19.92,12.44,7.49,0.99
20001031,40.25,59.75,34.7,16.97,9.1,2.63
20001024,35.77,64.23,39.24,17.21,7.69,1.69
20001017,40.2,59.8,40.97,22.21,7.09,1.05
20001010,40.51,59.49,41.03,24.29,5.87,0.46
20001003,39.53,60.47,40.99,26.17,6.99,0.74
20000926,42.19,57.81,38.28,23.95,6.9,0.74
20000919,41.62,58.38,39.81,26.15,8.38,1.64
20000912,43.73,56.27,38.5,24.18,8.88,1.71
20000905,42.77,57.23,34.65,19.31,8.06,2.61
20000829,43.72,56.28,32.2,15.74,6.85,2.47
20000822,49.9,50.1,29.13,13.89,5.39,2.39
20000815,48.37,51.63,27.51,13.01,4.39,1.98
20000808,48.87,51.13,24.5,10.76,4.47,2.14
20000801,50.33,49.67,24.11,10.36,4.91,2.41
20000725,50.13,49.87,22.86,9.32,5.19,2.59
20000718,50.54,49.46,22.38,8.77,5.43,2.12
20000711,56.43,43.57,20.31,8.11,4.65,1.65
20000704,57.5,42.5,17.76,8.15,4.28,1.26
20000627,55.16,44.84,23.72,12.48,4.48,1.66
20000620,57.44,42.56,22.73,14.08,6.69,1.64
20000613,55.96,44.04,23.44,14.13,7.29,1.54
20000606,62.66,37.34,21.36,12.77,5.41,0.3
20000530,62.06,37.94,24.17,13.69,5.09,0.26
20000523,57.84,42.16,23.77,14.12,3.58,0
20000516,52.57,47.43,28.35,15.54,2.99,0
20000509,55.75,44.25,24.7,12.84,1.66,0
20000502,55.43,44.57,25.69,13.22,1.66,0
20000425,56.15,43.85,24.29,13.06,1.48,0
20000418,53.06,46.94,26.6,14.6,0,0
20000411,54.87,45.13,26.43,13.68,0,0
20000404,51.49,48.51,25.61,14.46,0,0
20000328,54.69,45.31,26.54,12.47,0,0
20000321,52.02,47.98,29.82,15.63,0,0
20000314,51.59,48.41,30.55,16.07,0,0
20000307,45.92,54.08,32.17,15.08,0,0
20000229,45.46,54.54,32.56,14.07,0,0
20000222,43.35,56.65,30.72,10.95,0,0
20000215,36.85,63.15,31.94,10.93,0,0
20000208,36.07,63.93,29.39,11.03,0,0
20000201,34.99,65.01,28.97,10.22,0,0
20000125,30.74,69.26,25.48,10.11,0,0
20000118,32.2,67.8,25.91,10.38,0,0
20000111,38.2,61.8,24.93,9.9,0,0
20000104,49,51,23.35,9.45,0,0